USE obojobo;

/*!40101 SET @OLD_CHARACTER_SET_CLIENT=@@CHARACTER_SET_CLIENT */;
/*!40101 SET @OLD_CHARACTER_SET_RESULTS=@@CHARACTER_SET_RESULTS */;
/*!40101 SET @OLD_COLLATION_CONNECTION=@@COLLATION_CONNECTION */;
/*!40101 SET NAMES utf8 */;
/*!40014 SET @OLD_FOREIGN_KEY_CHECKS=@@FOREIGN_KEY_CHECKS, FOREIGN_KEY_CHECKS=0 */;
/*!40101 SET @OLD_SQL_MODE=@@SQL_MODE, SQL_MODE='NO_AUTO_VALUE_ON_ZERO' */;
/*!40111 SET @OLD_SQL_NOTES=@@SQL_NOTES, SQL_NOTES=0 */;

LOCK TABLES `obo_lo_keywords` WRITE;
/*!40000 ALTER TABLE `obo_lo_keywords` DISABLE KEYS */;

INSERT INTO `obo_lo_keywords` (`keywordID`, `name`)
VALUES
	(1,'into'),
	(2,'obojobo');

/*!40000 ALTER TABLE `obo_lo_keywords` ENABLE KEYS */;
UNLOCK TABLES;


LOCK TABLES `obo_lo_languages` WRITE;
/*!40000 ALTER TABLE `obo_lo_languages` DISABLE KEYS */;

INSERT INTO `obo_lo_languages` (`languageID`, `name`)
VALUES
	(1,'English');

/*!40000 ALTER TABLE `obo_lo_languages` ENABLE KEYS */;
UNLOCK TABLES;

LOCK TABLES `obo_lo_pages` WRITE;
/*!40000 ALTER TABLE `obo_lo_pages` DISABLE KEYS */;

INSERT INTO `obo_lo_pages` (`pageID`, `pageData`)
VALUES
	(1,X'547A6F784D546F6962324A7658477876584642685A3255694F6A633665334D364E6A6F696347466E5A556C45496A74704F6A4137637A6F314F694A30615852735A534937637A6F784E446F69516D467A61574D67513239755932567764484D694F334D364E6A6F6964584E6C636B6C45496A74704F6A4137637A6F344F694A7359586C766458524A5243493761546F784F334D364D544136496D4E795A5746305A565270625755694F334D364D446F69496A747A4F6A5536496D6C305A57317A496A74684F6A453665326B364D4474504F6A45314F694A76596D3963624739635547466E5A556C305A5730694F6A593665334D364D544136496E42685A32564A64475674535551694F326B364D44747A4F6A6B36496D4E7662584276626D567564434937637A6F344F694A555A58683051584A6C59534937637A6F304F694A6B59585268496A747A4F6A45304D6A6F69504652465746524754314A4E515651675445564252456C4F527A30694D69492B504641675155784A52303439496B7846526C5169506A78475430355549455A4251305539496B4679615746734969425453567046505349784E4349675130394D5431493949694D7A4F544D354D7A6B694945784656465246556C4E5151554E4A546B6339496A416949457446556B354A546B6339496A4169506B39755A547776526B394F564434384C31412B5043395552566855526B39535455465550694937637A6F314F694A745A5752705953493759546F774F6E7439637A6F784D6A6F69595752325957356A5A5752465A476C30496A74704F6A4137637A6F334F694A76634852706232357A496A744F4F333139637A6F784D446F696358566C633352706232354A5243493761546F304D6A6B304F5459334D6A6B314F33303D'),
	(2,X'547A6F784D546F6962324A7658477876584642685A3255694F6A633665334D364E6A6F696347466E5A556C45496A74704F6A4137637A6F314F694A30615852735A534937637A6F784E6A6F6951334A6C59585270626D6367513239756447567564434937637A6F324F694A3163325679535551694F326B364D44747A4F6A6736496D78686557393164456C45496A74704F6A4537637A6F784D446F6959334A6C5958526C56476C745A534937637A6F774F6949694F334D364E546F696158526C62584D694F3245364D54703761546F774F3038364D545536496D396962317873623178515957646C5358526C625349364E6A7037637A6F784D446F696347466E5A556C305A57314A5243493761546F774F334D364F546F6959323974634739755A573530496A747A4F6A6736496C526C65485242636D5668496A747A4F6A5136496D5268644745694F334D364D5451794F6949385645565956455A50556B31425643424D525546455355354850534979496A34385543424254456C48546A3069544556475643492B50455A50546C5167526B46445254306951584A705957776949464E4A576B5539496A45304969424454307850556A3069497A4D354D7A6B7A4F53496754455655564556535531424251306C4F527A30694D43496753305653546B6C4F527A30694D43492B564864765043394754303555506A7776554434384C3152465746524754314A4E5156512B496A747A4F6A5536496D316C5A476C68496A74684F6A41366533317A4F6A45794F694A685A485A68626D4E6C5A45566B615851694F326B364D44747A4F6A6336496D397764476C76626E4D694F3034376658317A4F6A45774F694A786457567A64476C76626B6C45496A74704F6A51794F5451354E6A63794F54553766513D3D'),
	(3,X'547A6F784D546F6962324A7658477876584642685A3255694F6A633665334D364E6A6F696347466E5A556C45496A74704F6A4137637A6F314F694A30615852735A534937637A6F784D6A6F69553352315A4756756443425761575633496A747A4F6A5936496E567A5A584A4A5243493761546F774F334D364F446F696247463562335630535551694F326B364D54747A4F6A45774F694A6A636D5668644756556157316C496A747A4F6A413649694937637A6F314F694A70644756746379493759546F784F6E74704F6A4137547A6F784E546F6962324A7658477876584642685A32564A64475674496A6F324F6E747A4F6A45774F694A775957646C5358526C62556C45496A74704F6A4137637A6F354F694A6A623231776232356C626E51694F334D364F446F6956475634644546795A5745694F334D364E446F695A47463059534937637A6F784E445136496A785552566855526B395354554655494578465155524A546B6339496A4969506A78514945464D5355644F50534A4D52555A55496A3438526B394F5643424751554E4650534A42636D6C686243496755306C61525430694D54516949454E50544539535053496A4D7A6B7A4F544D354969424D5256525552564A545545464453553548505349774969424C52564A4F5355354850534977496A355561484A6C5A547776526B394F564434384C31412B5043395552566855526B39535455465550694937637A6F314F694A745A5752705953493759546F774F6E7439637A6F784D6A6F69595752325957356A5A5752465A476C30496A74704F6A4137637A6F334F694A76634852706232357A496A744F4F333139637A6F784D446F696358566C633352706232354A5243493761546F304D6A6B304F5459334D6A6B314F33303D'),
	(4,X'547A6F784D546F6962324A7658477876584642685A3255694F6A633665334D364E6A6F696347466E5A556C45496A74704F6A4137637A6F314F694A30615852735A534937637A6F794F446F6951584E7A615764756257567564484D675957356B49456C756447566E636D46306157397563794937637A6F324F694A3163325679535551694F326B364D44747A4F6A6736496D78686557393164456C45496A74704F6A4537637A6F784D446F6959334A6C5958526C56476C745A534937637A6F774F6949694F334D364E546F696158526C62584D694F3245364D54703761546F774F3038364D545536496D396962317873623178515957646C5358526C625349364E6A7037637A6F784D446F696347466E5A556C305A57314A5243493761546F774F334D364F546F6959323974634739755A573530496A747A4F6A6736496C526C65485242636D5668496A747A4F6A5136496D5268644745694F334D364D54517A4F6949385645565956455A50556B31425643424D525546455355354850534979496A34385543424254456C48546A3069544556475643492B50455A50546C5167526B46445254306951584A705957776949464E4A576B5539496A45304969424454307850556A3069497A4D354D7A6B7A4F53496754455655564556535531424251306C4F527A30694D43496753305653546B6C4F527A30694D43492B526D3931636A7776526B394F564434384C31412B5043395552566855526B39535455465550694937637A6F314F694A745A5752705953493759546F774F6E7439637A6F784D6A6F69595752325957356A5A5752465A476C30496A74704F6A4137637A6F334F694A76634852706232357A496A744F4F333139637A6F784D446F696358566C633352706232354A5243493761546F304D6A6B304F5459334D6A6B314F33303D');

/*!40000 ALTER TABLE `obo_lo_pages` ENABLE KEYS */;
UNLOCK TABLES;

LOCK TABLES `obo_lo_qgroups` WRITE;
/*!40000 ALTER TABLE `obo_lo_qgroups` DISABLE KEYS */;

INSERT INTO `obo_lo_qgroups` (`qGroupID`, `userID`, `name`, `rand`, `allowAlts`, `altMethod`)
VALUES
	(1,1,'',0,0,'r'),
	(2,1,'',0,0,'r');

/*!40000 ALTER TABLE `obo_lo_qgroups` ENABLE KEYS */;
UNLOCK TABLES;


LOCK TABLES `obo_lo_questions` WRITE;
/*!40000 ALTER TABLE `obo_lo_questions` DISABLE KEYS */;

INSERT INTO `obo_lo_questions` (`questionData`, `questionID`)
VALUES
	(X'547A6F784E546F6962324A7658477876584646315A584E3061573975496A6F784D447037637A6F784D446F696358566C633352706232354A5243493761546F774F334D364E6A6F6964584E6C636B6C45496A747A4F6A4536496A45694F334D364F446F696158526C62565235634755694F334D364D6A6F6954554D694F334D364E7A6F695957357A643256796379493759546F794F6E74704F6A4137547A6F784D7A6F6962324A7658477876584546756333646C636949364E547037637A6F344F694A68626E4E335A584A4A52434937637A6F7A4D6A6F694D7A45304D4459354D6A41334E5464694E47557A4F544A684D54677A4F544D754E6A63334F5451324E6A51694F334D364E6A6F6964584E6C636B6C45496A74704F6A4137637A6F324F694A68626E4E335A5849694F334D364D546B344F6949385645565956455A50556B31425643424D525546455355354850534979496A34385543424254456C48546A3069544556475643492B50455A50546C5167526B46445254306951584A705957776949464E4A576B5539496A45304969424454307850556A3069497A4D784D7A457A4D53496754455655564556535531424251306C4F527A30694D43496753305653546B6C4F527A30694D43492B5647687063794268626E4E335A5849676247397661334D675A334A6C5958517349474A3164434270637942706443426A62334A795A574E30507941675353423061476C756179427A627934754C6934384C305A50546C512B50433951506A77765645565956455A50556B3142564434694F334D364E6A6F69643256705A326830496A74704F6A4137637A6F344F694A6D5A57566B596D466A61794937637A6F784F544936496A785552566855526B395354554655494578465155524A546B6339496A4969506A78514945464D5355644F50534A4D52555A55496A3438526B394F5643424751554E4650534A42636D6C686243496755306C61525430694D54516949454E50544539535053496A4D7A457A4D544D784969424D5256525552564A545545464453553548505349774969424C52564A4F5355354850534977496A354F6233426C4C434230614755676157357A64484A315933527663694230636D6C6A6132566B49486C766453776764484A35494746756233526F5A5849675957357A643256794C6A7776526B394F564434384C31412B5043395552566855526B3953545546555069493766576B364D5474504F6A457A4F694A76596D3963624739635157357A64325679496A6F314F6E747A4F6A6736496D46756333646C636B6C45496A747A4F6A4D7A4F6949794D5449344D546B314D7A457A4E5464694E47557A4F544A684D5467304D7A41754E4459344D6A45354D7A49694F334D364E6A6F6964584E6C636B6C45496A74704F6A4137637A6F324F694A68626E4E335A5849694F334D364D6A41314F6949385645565956455A50556B31425643424D525546455355354850534979496A34385543424254456C48546A3069544556475643492B50455A50546C5167526B46445254306951584A705957776949464E4A576B5539496A45304969424454307850556A3069497A4D784D7A457A4D53496754455655564556535531424251306C4F527A30694D43496753305653546B6C4F527A30694D43492B5647687063794276626D556761584D6763484A76596D466962486B6764334A76626D637349474A316443424A49474E6862695A686347397A4F335167636D5668624778354948526C624777675957353549473176636D55755043394754303555506A7776554434384C3152465746524754314A4E5156512B496A747A4F6A5936496E646C6157646F6443493761546F784D444137637A6F344F694A6D5A57566B596D466A61794937637A6F794E544D36496A785552566855526B395354554655494578465155524A546B6339496A4969506A78514945464D5355644F50534A4D52555A55496A3438526B394F5643424751554E4650534A42636D6C686243496755306C61525430694D54516949454E50544539535053496A4D7A457A4D544D784969424D5256525552564A545545464453553548505349774969424C52564A4F5355354850534977496A355A623355675A32393049476C304C43426E636D566864434271623249754943425A62335567593246754947786C59584A7549473176636D556759574A766458516763484A6859335270593255676232346762335679494674775957646C49476C6B5053497A496C316A623235305A573530494842685A32556759574A766458516763484A6859335270593256624C3342685A3256644C6941384C305A50546C512B50433951506A77765645565956455A50556B3142564434694F333139637A6F314F694A775A584A746379493761546F774F334D364E546F696158526C62584D694F3245364D54703761546F774F3038364D545536496D396962317873623178515957646C5358526C625349364E6A7037637A6F784D446F696347466E5A556C305A57314A5243493761546F774F334D364F546F6959323974634739755A573530496A747A4F6A6736496C526C65485242636D5668496A747A4F6A5136496D5268644745694F334D364E6A6B334F6949385645565956455A50556B31425643424D525546455355354850534979496A34385543424254456C48546A3069544556475643492B50455A50546C5167526B46445254306951584A705957776949464E4A576B5539496A45304969424454307850556A3069497A4D344D7A677A4F43496754455655564556535531424251306C4F527A30694D43496753305653546B6C4F527A30694D43492B55484A685933527059325567595778736233647A49486C76645342306279426A636D5668644755676358566C633352706232357A4948526F5A53427A6448566B5A57353063794231633255676447386763484A6C634746795A5342306147567463325673646D567A49475A76636942306147556759584E7A5A584E7A62575675644334384C305A50546C512B50433951506A77765645565956455A50556B3142564434385645565956455A50556B31425643424D525546455355354850534979496A34385543424254456C48546A3069544556475643492B50455A50546C5167526B46445254306951584A705957776949464E4A576B5539496A45304969424454307850556A3069497A4D344D7A677A4F43496754455655564556535531424251306C4F527A30694D43496753305653546B6C4F527A30694D43492B5043394754303555506A7776554434384C3152465746524754314A4E5156512B504652465746524754314A4E515651675445564252456C4F527A30694D69492B504641675155784A52303439496B7846526C5169506A78475430355549455A4251305539496B4679615746734969425453567046505349784E4349675130394D5431493949694D7A4F444D344D7A67694945784656465246556C4E5151554E4A546B6339496A416949457446556B354A546B6339496A4169506B4E6F6232397A6157356E49474675494746756333646C6369426F5A584A6C49474E686269427A614739334948526F5A53427A6448566B5A57353049475A6C5A57526959574E724C6941675647686C6553426A5957346759326868626D646C4948526F5A576C7949484E6C6247566A64476C766269426864434268626E6B6763473970626E51675957356B4948526F5A53427A593239795A584D676447686C655342795A574E6C61585A6C4947686C636D55675A473867626D393049476C746347466A64434230614756706369426D615735686243427A593239795A53426D62334967644768706379427462325231624755755043394754303555506A7776554434384C3152465746524754314A4E5156512B496A747A4F6A5536496D316C5A476C68496A74684F6A41366533317A4F6A45794F694A685A485A68626D4E6C5A45566B615851694F326B364D44747A4F6A6336496D397764476C76626E4D694F3034376658317A4F6A457A4F694A786457567A64476C76626B6C755A475634496A74704F6A4137637A6F344F694A795A58463161584A6C5A434937596A6F774F334D364D544136496D4E795A5746305A565270625755694F326B364D44747A4F6A6736496D5A6C5A57526959574E72496A74684F6A493665334D364F546F696157356A62334A795A574E30496A747A4F6A413649694937637A6F334F694A6A62334A795A574E30496A747A4F6A4136496949376658303D',1),
	(X'547A6F784E546F6962324A7658477876584646315A584E3061573975496A6F784D447037637A6F784D446F696358566C633352706232354A5243493761546F774F334D364E6A6F6964584E6C636B6C45496A747A4F6A4536496A45694F334D364F446F696158526C62565235634755694F334D364D6A6F69555545694F334D364E7A6F695957357A643256796379493759546F354F6E74704F6A4137547A6F784D7A6F6962324A7658477876584546756333646C636949364E547037637A6F344F694A68626E4E335A584A4A52434937637A6F7A4D6A6F694E6A63324E7A41304E6A517A4E5464694E47557A4F544A684D6A566A4D6A63754F4459774F546B794D6A4D694F334D364E6A6F6964584E6C636B6C45496A74704F6A4137637A6F324F694A68626E4E335A5849694F334D364D544536496D4A796157646F644342696248566C496A747A4F6A5936496E646C6157646F6443493761546F774F334D364F446F695A6D566C5A474A68593273694F334D364D446F69496A743961546F784F3038364D544D36496D39696231787362317842626E4E335A5849694F6A553665334D364F446F695957357A64325679535551694F334D364D7A4D36496A45344D7A4D314D4449314E544D314E3249305A544D354D6D45794E574E684D6934784F546B304D4459334E694937637A6F324F694A3163325679535551694F326B364D44747A4F6A5936496D46756333646C63694937637A6F784D446F695A334A6C5A573467596D78315A534937637A6F324F694A335A576C6E614851694F326B364D44747A4F6A6736496D5A6C5A57526959574E72496A747A4F6A41364969493766576B364D6A74504F6A457A4F694A76596D3963624739635157357A64325679496A6F314F6E747A4F6A6736496D46756333646C636B6C45496A747A4F6A4D794F6949344F5451314E6A41334E6A63314E3249305A544D354D6D45794E574E6C4F5334334E4445344E7A51304D434937637A6F324F694A3163325679535551694F326B364D44747A4F6A5936496D46756333646C63694937637A6F784D7A6F695A334A6C5A57357063326767596D78315A534937637A6F324F694A335A576C6E614851694F326B364D44747A4F6A6736496D5A6C5A57526959574E72496A747A4F6A41364969493766576B364D7A74504F6A457A4F694A76596D3963624739635157357A64325679496A6F314F6E747A4F6A6736496D46756333646C636B6C45496A747A4F6A4D7A4F6949784D7A67324E6A49784F446B334E5464694E47557A4F544A684D6A566B4D6A67754E5451324F4455784D6A41694F334D364E6A6F6964584E6C636B6C45496A74704F6A4137637A6F324F694A68626E4E335A5849694F334D364D545136496E4A68633342695A584A79655342696248566C496A747A4F6A5936496E646C6157646F6443493761546F774F334D364F446F695A6D566C5A474A68593273694F334D364D446F69496A743961546F304F3038364D544D36496D39696231787362317842626E4E335A5849694F6A553665334D364F446F695957357A64325679535551694F334D364D7A4D36496A45334D4463774E7A45794D4467314E3249305A544D354D6D45794E5751314D4334324D546B794D6A41774D434937637A6F324F694A3163325679535551694F326B364D44747A4F6A5936496D46756333646C63694937637A6F304F694A696248566C496A747A4F6A5936496E646C6157646F6443493761546F774F334D364F446F695A6D566C5A474A68593273694F334D364D446F69496A743961546F314F3038364D544D36496D39696231787362317842626E4E335A5849694F6A553665334D364F446F695957357A64325679535551694F334D364D7A4D36496A45304D5459314D4449794F544D314E3249305A544D354D6D45794E5751354F43347A4E446B784D546B354E434937637A6F324F694A3163325679535551694F326B364D44747A4F6A5936496D46756333646C63694937637A6F354F694A6B59584A7249474A73645755694F334D364E6A6F69643256705A326830496A74704F6A4137637A6F344F694A6D5A57566B596D466A61794937637A6F774F6949694F3331704F6A5937547A6F784D7A6F6962324A7658477876584546756333646C636949364E547037637A6F344F694A68626E4E335A584A4A52434937637A6F7A4D7A6F694D6A41344F5441784E54677A4D6A5533596A526C4D7A6B79595449315A4751774C6A497A4E7A49794D6A4934496A747A4F6A5936496E567A5A584A4A5243493761546F774F334D364E6A6F695957357A64325679496A747A4F6A45784F694A69636D6C6E61485167596D78315A534937637A6F324F694A335A576C6E614851694F326B364D44747A4F6A6736496D5A6C5A57526959574E72496A747A4F6A41364969493766576B364E7A74504F6A457A4F694A76596D3963624739635157357A64325679496A6F314F6E747A4F6A6736496D46756333646C636B6C45496A747A4F6A4D784F6949794D4467324D5451344D7A5533596A526C4D7A6B79595449315A5445354C6A63324F544D774D44677A496A747A4F6A5936496E567A5A584A4A5243493761546F774F334D364E6A6F695957357A64325679496A747A4F6A45774F694A736157646F644342696248566C496A747A4F6A5936496E646C6157646F6443493761546F774F334D364F446F695A6D566C5A474A68593273694F334D364D446F69496A743961546F344F3038364D544D36496D39696231787362317842626E4E335A5849694F6A553665334D364F446F695957357A64325679535551694F334D364D7A4D36496A49784E444D314E7A6B334D5451314E3249305A544D354D6D45794E5755304E7934774D4463794D546B304E694937637A6F324F694A3163325679535551694F326B364D44747A4F6A5936496D46756333646C63694937637A6F784E546F696347567961586470626D74735A5342696248566C496A747A4F6A5936496E646C6157646F6443493761546F774F334D364F446F695A6D566C5A474A68593273694F334D364D446F69496A743966584D364E546F696347567962584D694F326B364D44747A4F6A5536496D6C305A57317A496A74684F6A453665326B364D4474504F6A45314F694A76596D3963624739635547466E5A556C305A5730694F6A593665334D364D544136496E42685A32564A64475674535551694F326B364D44747A4F6A6B36496D4E7662584276626D567564434937637A6F344F694A555A58683051584A6C59534937637A6F304F694A6B59585268496A747A4F6A59794D6A6F69504652465746524754314A4E515651675445564252456C4F527A30694D69492B504641675155784A52303439496B7846526C5169506A78475430355549455A4251305539496B4679615746734969425453567046505349784E4349675130394D5431493949694D7A4F444D344D7A67694945784656465246556C4E5151554E4A546B6339496A416949457446556B354A546B6339496A4169506C4E6F62334A30494746756333646C636942786457567A64476C76626E4D67636D567864576C795A53423061475567633352315A47567564434230627942306558426C49476C75494746754947563459574E304947316864474E6F6157356E494746756333646C636934674946526F5A584E6C494746795A5342775A584A6D5A574E30494846315A584E306157397563794233614756754948526F5A5342745A574E6F5957357059334D67623259676258567364476C77624755675932687661574E6C49476470646D556764473976494731315932676759586468655334384C305A50546C512B50433951506A77765645565956455A50556B3142564434385645565956455A50556B31425643424D525546455355354850534979496A34385543424254456C48546A3069544556475643492B50455A50546C5167526B46445254306951584A705957776949464E4A576B5539496A45304969424454307850556A3069497A4D344D7A677A4F43496754455655564556535531424251306C4F527A30694D43496753305653546B6C4F527A30694D43492B5043394754303555506A7776554434384C3152465746524754314A4E5156512B504652465746524754314A4E515651675445564252456C4F527A30694D69492B504641675155784A52303439496B7846526C5169506A78475430355549455A4251305539496B4679615746734969425453567046505349784E4349675130394D5431493949694D7A4F444D344D7A67694945784656465246556C4E5151554E4A546B6339496A416949457446556B354A546B6339496A4169506C646F5958516D59584276637A747A49486C76645849675A6D463262334A706447556759323973623349675957353564324635507A7776526B394F564434384C31412B5043395552566855526B39535455465550694937637A6F314F694A745A5752705953493759546F774F6E7439637A6F784D6A6F69595752325957356A5A5752465A476C30496A74704F6A4137637A6F334F694A76634852706232357A496A744F4F333139637A6F784D7A6F696358566C633352706232354A626D526C6543493761546F774F334D364F446F69636D567864576C795A5751694F3249364D44747A4F6A45774F694A6A636D5668644756556157316C496A74704F6A4137637A6F344F694A6D5A57566B596D466A6179493759546F794F6E747A4F6A6B36496D6C7559323979636D566A64434937637A6F784E7A4936496A785552566855526B395354554655494578465155524A546B6339496A4969506A78514945464D5355644F50534A4D52555A55496A3438526B394F5643424751554E4650534A42636D6C686243496755306C61525430694D54516949454E50544539535053496A4D7A677A4F444D344969424D5256525552564A545545464453553548505349774969424C52564A4F5355354850534977496A354D62323972494852764948526F5A53426F5A5746325A57357A49475A766369426E64576C6B5957356A5A5334384C305A50546C512B50433951506A77765645565956455A50556B3142564434694F334D364E7A6F6959323979636D566A64434937637A6F774F6949694F333139',2),
	(X'547A6F784E546F6962324A7658477876584646315A584E3061573975496A6F784D447037637A6F784D446F696358566C633352706232354A5243493761546F774F334D364E6A6F6964584E6C636B6C45496A747A4F6A4536496A45694F334D364F446F696158526C62565235634755694F334D364D6A6F6954554D694F334D364E7A6F695957357A643256796379493759546F794F6E74704F6A4137547A6F784D7A6F6962324A7658477876584546756333646C636949364E547037637A6F344F694A68626E4E335A584A4A52434937637A6F7A4D7A6F694D546B7A4E5445304F4445334E6A5533596A526C4D7A6B79595449335A546B784C6A45784E4467774D7A4577496A747A4F6A5936496E567A5A584A4A5243493761546F774F334D364E6A6F695957357A64325679496A747A4F6A45304D7A6F69504652465746524754314A4E515651675445564252456C4F527A30694D69492B504641675155784A52303439496B7846526C5169506A78475430355549455A4251305539496B4679615746734969425453567046505349784E4349675130394D5431493949694D7A4D544D784D7A45694945784656465246556C4E5151554E4A546B6339496A416949457446556B354A546B6339496A4169506D5268633259384C305A50546C512B50433951506A77765645565956455A50556B3142564434694F334D364E6A6F69643256705A326830496A74704F6A4137637A6F344F694A6D5A57566B596D466A61794937637A6F774F6949694F3331704F6A4537547A6F784D7A6F6962324A7658477876584546756333646C636949364E547037637A6F344F694A68626E4E335A584A4A52434937637A6F7A4D7A6F694D6A41784E6A6B794E4449314E545533596A526C4D7A6B79595449335A5755794C6A55794E7A4D344F545931496A747A4F6A5936496E567A5A584A4A5243493761546F774F334D364E6A6F695957357A64325679496A747A4F6A45304D7A6F69504652465746524754314A4E515651675445564252456C4F527A30694D69492B504641675155784A52303439496B7846526C5169506A78475430355549455A4251305539496B4679615746734969425453567046505349784E4349675130394D5431493949694D7A4D544D784D7A45694945784656465246556C4E5151554E4A546B6339496A416949457446556B354A546B6339496A4169506D467A5A4759384C305A50546C512B50433951506A77765645565956455A50556B3142564434694F334D364E6A6F69643256705A326830496A74704F6A45774D44747A4F6A6736496D5A6C5A57526959574E72496A747A4F6A4136496949376658317A4F6A5536496E426C636D317A496A74704F6A4137637A6F314F694A70644756746379493759546F784F6E74704F6A4137547A6F784E546F6962324A7658477876584642685A32564A64475674496A6F324F6E747A4F6A45774F694A775957646C5358526C62556C45496A74704F6A4137637A6F354F694A6A623231776232356C626E51694F334D364F446F6956475634644546795A5745694F334D364E446F695A47463059534937637A6F784E6A6336496A785552566855526B395354554655494578465155524A546B6339496A4969506A78514945464D5355644F50534A4D52555A55496A3438526B394F5643424751554E4650534A42636D6C686243496755306C61525430694D54516949454E50544539535053496A4D7A677A4F444D344969424D5256525552564A545545464453553548505349774969424C52564A4F5355354850534977496A354A4A6D467762334D376253427562335167633356795A5342336147463049485276494752765043394754303555506A7776554434384C3152465746524754314A4E5156512B496A747A4F6A5536496D316C5A476C68496A74684F6A41366533317A4F6A45794F694A685A485A68626D4E6C5A45566B615851694F326B364D44747A4F6A6336496D397764476C76626E4D694F3034376658317A4F6A457A4F694A786457567A64476C76626B6C755A475634496A74704F6A4137637A6F344F694A795A58463161584A6C5A434937596A6F774F334D364D544136496D4E795A5746305A565270625755694F326B364D44747A4F6A6736496D5A6C5A57526959574E72496A74684F6A493665334D364F546F696157356A62334A795A574E30496A747A4F6A413649694937637A6F334F694A6A62334A795A574E30496A747A4F6A4136496949376658303D',3);

/*!40000 ALTER TABLE `obo_lo_questions` ENABLE KEYS */;
UNLOCK TABLES;

LOCK TABLES `obo_los` WRITE;
/*!40000 ALTER TABLE `obo_los` DISABLE KEYS */;

INSERT INTO `obo_los` (`loID`, `isMaster`, `title`, `languageID`, `notes`, `objective`, `learnTime`, `pGroupID`, `aGroupID`, `version`, `subVersion`, `rootLoID`, `parentLoID`, `createTime`, `copyright`, `numPages`, `numPQuestions`, `numAQuestions`, `deleted`)
VALUES
	(3,'0','Intro to Obojobo',1,'','Given a quick tour of Obojobo, you will discover with all the amazing things it can do.',10,1,2,1,0,0,0,1471472571,'',4,2,1,0);

/*!40000 ALTER TABLE `obo_los` ENABLE KEYS */;
UNLOCK TABLES;

LOCK TABLES `obo_map_keywords_to_lo` WRITE;
/*!40000 ALTER TABLE `obo_map_keywords_to_lo` DISABLE KEYS */;

INSERT INTO `obo_map_keywords_to_lo` (`keywordID`, `itemType`, `loID`)
VALUES
	(1,'l',3),
	(2,'l',3);

/*!40000 ALTER TABLE `obo_map_keywords_to_lo` ENABLE KEYS */;
UNLOCK TABLES;

LOCK TABLES `obo_map_pages_to_lo` WRITE;
/*!40000 ALTER TABLE `obo_map_pages_to_lo` DISABLE KEYS */;

INSERT INTO `obo_map_pages_to_lo` (`loID`, `itemOrder`, `pageID`)
VALUES
	(3,0,1),
	(3,1,2),
	(3,2,3),
	(3,3,4);

/*!40000 ALTER TABLE `obo_map_pages_to_lo` ENABLE KEYS */;
UNLOCK TABLES;

LOCK TABLES `obo_map_perms_to_item_old` WRITE;
/*!40000 ALTER TABLE `obo_map_perms_to_item_old` DISABLE KEYS */;

INSERT INTO `obo_map_perms_to_item_old` (`userID`, `itemID`, `itemType`, `read`, `write`, `copy`, `publish`, `giveRead`, `giveWrite`, `giveCopy`, `givePublish`, `giveGlobal`)
VALUES
	(1,3,'l',1,1,1,1,1,1,1,1,1);

/*!40000 ALTER TABLE `obo_map_perms_to_item_old` ENABLE KEYS */;
UNLOCK TABLES;


LOCK TABLES `obo_map_questions_to_qgroup` WRITE;
/*!40000 ALTER TABLE `obo_map_questions_to_qgroup` DISABLE KEYS */;

INSERT INTO `obo_map_questions_to_qgroup` (`qGroupID`, `childID`, `itemOrder`)
VALUES
	(1,1,0),
	(1,2,1),
	(2,3,0);

/*!40000 ALTER TABLE `obo_map_questions_to_qgroup` ENABLE KEYS */;
UNLOCK TABLES;

LOCK TABLES `obo_map_roles_to_user` WRITE;
/*!40000 ALTER TABLE `obo_map_roles_to_user` DISABLE KEYS */;

INSERT INTO `obo_map_roles_to_user` (`userID`, `roleID`)
VALUES
	(1,8),
	(1,10),
	(1,12),
	(1,15);

/*!40000 ALTER TABLE `obo_map_roles_to_user` ENABLE KEYS */;
UNLOCK TABLES;

LOCK TABLES `obo_system_temp` WRITE;
/*!40000 ALTER TABLE `obo_system_temp` DISABLE KEYS */;

INSERT INTO `obo_system_temp` (`name`, `value`)
VALUES
	('System_DB_LastCleanIndex','1'),
	('System_DB_LastCleanTime','1253822460');

/*!40000 ALTER TABLE `obo_system_temp` ENABLE KEYS */;
UNLOCK TABLES;

LOCK TABLES `obo_user_meta` WRITE;
/*!40000 ALTER TABLE `obo_user_meta` DISABLE KEYS */;

INSERT INTO `obo_user_meta` (`userID`, `meta`, `value`)
VALUES
	(1,'lastPassChange','1517308716'),
	(1,'password','6ddee229b8d9ed03d1cb8d38ccf52bd5'),
	(1,'salt','0e38efda23c1109feb6a8d3ece0b3a75');

/*!40000 ALTER TABLE `obo_user_meta` ENABLE KEYS */;
UNLOCK TABLES;

LOCK TABLES `obo_user_roles` WRITE;
/*!40000 ALTER TABLE `obo_user_roles` DISABLE KEYS */;

INSERT INTO `obo_user_roles` (`roleID`, `name`)
VALUES
	(8,'SuperUser'),
	(9,'SuperViewer'),
	(10,'ContentCreator'),
	(12,'Administrator'),
	(14,'LibraryUser'),
	(15,'SuperStats');

/*!40000 ALTER TABLE `obo_user_roles` ENABLE KEYS */;
UNLOCK TABLES;

LOCK TABLES `obo_users` WRITE;
/*!40000 ALTER TABLE `obo_users` DISABLE KEYS */;

INSERT INTO `obo_users` (`userID`, `login`, `auth_module`, `first`, `last`, `mi`, `email`, `createTime`, `lastLogin`, `sessionID`, `overrideAuthModRole`)
VALUES
	(1,'~su','rocketD\\auth\\ModInternal','UCF','CDL','','mail@example.com',1134416800,1471472838,'','0');

/*!40000 ALTER TABLE `obo_users` ENABLE KEYS */;
UNLOCK TABLES;

/*!40111 SET SQL_NOTES=@OLD_SQL_NOTES */;
/*!40101 SET SQL_MODE=@OLD_SQL_MODE */;
/*!40014 SET FOREIGN_KEY_CHECKS=@OLD_FOREIGN_KEY_CHECKS */;
/*!40101 SET CHARACTER_SET_CLIENT=@OLD_CHARACTER_SET_CLIENT */;
/*!40101 SET CHARACTER_SET_RESULTS=@OLD_CHARACTER_SET_RESULTS */;
/*!40101 SET COLLATION_CONNECTION=@OLD_COLLATION_CONNECTION */;
